Student_ID,Gender,Age,Department,Year,Study_Hours,Attendance,Midterm,Final,Sleep_Hours,Marks,CGPA,Projects,Internship,Placement,Family_Income_k,Sleep_Hours,Screen_Time,Sports,Scholarship
1,Male,18,IT,3,2.7,68,97,46,83,75.3,8.89,5,Yes,Yes,20,6.4,1.3,Yes,No
2,Male,22,Civil,1,4.9,94,76,54,68,66.0,8.47,4,No,No,2,7.9,2.4,No,No
3,Female,20,AIML,2,7.7,81,56,45,64,55.0,7.97,0,No,No,13,7.2,8.3,No,No
4,Male,21,CSE,3,6.8,99,73,76,52,67.0,8.52,5,Yes,Yes,3,7.5,8.0,Yes,No
5,Male,24,CSE,4,2.9,100,73,50,63,62.0,8.29,2,Yes,Yes,10,7.7,7.2,Yes,No
6,Male,22,IT,2,2.1,84,67,99,80,82.0,9.19,5,Yes,Yes,12,8.3,8.0,Yes,No
7,Male,24,ECE,4,2.9,73,86,96,85,89.0,9.5,2,Yes,Yes,17,6.3,9.2,No,No
8,Male,20,AIML,2,6.2,94,66,87,77,76.7,8.95,3,No,No,13,5.5,10.0,No,No
9,Male,24,CSE,1,2.1,70,100,83,67,83.3,9.25,4,Yes,Yes,14,6.2,10.0,No,No
10,Male,23,IT,1,5.8,94,98,57,89,81.3,9.16,5,No,No,5,5.8,2.4,Yes,No
11,Female,22,AIML,1,7.1,79,90,72,78,80.0,9.1,1,Yes,Yes,13,7.9,5.9,Yes,No
12,Female,21,CSE,1,7.5,79,65,43,55,54.3,7.94,4,Yes,Yes,4,7.8,8.3,Yes,No
13,Male,23,ME,2,2.9,98,77,53,99,76.3,8.93,4,Yes,Yes,11,6.3,7.0,No,No
14,Female,22,ME,1,2.7,64,71,41,77,63.0,8.34,4,Yes,Yes,20,5.5,1.6,Yes,No
15,Male,18,CSE,3,1.5,75,67,82,71,73.3,8.8,1,Yes,Yes,20,7.1,3.2,No,No
16,Female,19,CSE,1,5.6,82,77,66,69,70.7,8.68,6,Yes,Yes,5,4.8,7.6,Yes,No
17,Male,19,AIML,4,2.0,71,67,69,55,63.7,8.37,6,Yes,Yes,16,8.1,8.7,Yes,No
18,Male,23,Civil,1,7.8,75,60,66,71,65.7,8.46,3,Yes,Yes,14,8.6,2.5,Yes,No
19,Female,20,ME,3,4.0,95,92,85,71,82.7,9.22,1,Yes,Yes,11,5.5,1.5,Yes,No
20,Female,18,CSE,4,4.5,93,60,43,72,58.3,8.12,0,Yes,Yes,4,7.2,7.1,Yes,No
21,Female,18,Civil,2,5.1,62,89,45,66,66.7,8.5,5,No,No,10,5.4,7.4,Yes,No
22,Female,21,AIML,3,4.2,64,50,69,79,66.0,8.47,4,Yes,Yes,4,6.9,5.6,Yes,No
23,Female,18,AIML,3,3.0,88,84,85,59,76.0,8.92,4,Yes,Yes,19,5.8,7.0,Yes,No
24,Female,18,CSE,2,2.9,98,63,85,61,69.7,8.64,1,No,No,18,6.7,9.1,Yes,No
25,Male,23,ME,3,1.3,81,99,48,80,75.7,8.91,2,Yes,Yes,16,7.0,4.8,Yes,No
26,Male,18,IT,2,4.8,83,87,75,49,70.3,8.66,3,Yes,Yes,3,5.9,9.1,Yes,No
27,Female,19,IT,2,5.7,82,99,75,96,90.0,9.55,6,No,Yes,6,8.7,3.1,Yes,No
28,Male,21,CSE,2,6.2,81,100,99,66,88.3,9.47,6,Yes,Yes,10,5.2,7.3,No,No
29,Male,24,ME,2,2.4,89,72,59,92,74.3,8.84,6,Yes,Yes,9,4.6,2.7,No,No
30,Female,24,CSE,3,3.5,92,75,83,93,83.7,9.27,4,No,No,2,5.0,9.7,Yes,No
31,Female,18,CSE,4,3.4,80,77,78,72,75.7,8.91,0,No,No,20,5.4,1.4,No,No
32,Male,22,Civil,2,3.5,64,92,98,61,83.7,9.27,4,No,No,5,7.7,3.7,No,No
33,Female,20,ME,3,4.9,72,76,82,100,86.0,9.37,3,Yes,Yes,20,5.9,5.9,Yes,No
34,Female,20,AIML,4,6.5,98,91,60,69,73.3,8.8,3,No,No,8,6.8,8.1,Yes,No
35,Male,20,Civil,3,1.7,75,93,59,54,68.7,8.59,6,Yes,Yes,6,4.6,3.2,No,No
36,Male,21,ME,2,6.0,84,81,65,55,67.0,8.52,1,Yes,Yes,5,8.0,3.0,No,No
37,Male,22,AIML,1,4.2,89,92,73,75,80.0,9.1,4,No,No,16,7.3,7.5,No,No
38,Female,19,IT,4,4.2,75,90,57,89,78.7,9.04,6,No,No,9,5.7,1.7,No,No
39,Male,20,ECE,3,7.3,65,58,49,54,53.7,7.92,3,Yes,Yes,8,4.8,4.7,No,No
40,Female,18,AIML,4,3.7,97,94,41,94,76.3,8.93,6,No,No,17,4.5,4.2,No,No
41,Female,22,IT,2,4.4,77,77,71,41,63.0,8.34,3,No,No,14,7.8,8.6,Yes,No
42,Male,21,Civil,1,1.6,87,58,95,69,74.0,8.83,1,Yes,Yes,10,6.2,2.9,No,No
43,Female,24,ME,3,6.3,86,66,93,45,68.0,8.56,3,Yes,Yes,19,4.7,9.6,Yes,No
44,Male,24,IT,1,6.3,75,62,93,41,65.3,8.44,4,Yes,Yes,9,5.1,7.0,Yes,No
45,Female,23,ECE,3,2.2,98,97,85,47,76.3,8.93,6,Yes,Yes,11,5.0,1.2,No,No
46,Female,21,IT,2,1.5,100,65,46,84,65.0,8.43,6,No,No,5,8.1,6.1,Yes,No
47,Female,22,ME,3,1.5,81,50,94,66,70.0,8.65,6,No,No,5,6.5,4.3,No,No
48,Male,21,AIML,3,5.3,94,99,70,69,79.3,9.07,3,No,No,12,8.3,8.5,Yes,No
49,Female,21,AIML,4,5.0,84,71,41,71,61.0,8.25,6,No,No,7,6.7,4.2,No,No
50,Female,20,Civil,3,4.9,93,62,45,55,54.0,7.93,5,No,No,17,7.0,3.2,No,No
51,Female,21,CSE,1,3.1,85,94,55,59,69.3,8.62,5,No,No,17,7.0,4.1,No,No
52,Female,23,ME,3,3.1,74,57,86,52,65.0,8.43,2,Yes,Yes,19,8.8,7.2,Yes,No
53,Male,23,ME,3,6.1,93,88,58,46,64.0,8.38,6,Yes,Yes,11,5.5,2.6,Yes,No
54,Male,20,CSE,1,4.9,68,90,95,88,91.0,9.59,3,Yes,Yes,2,7.1,5.2,No,Yes
55,Female,19,CSE,3,7.6,90,57,92,44,64.3,8.39,3,No,No,4,7.1,7.2,Yes,No
56,Male,24,Civil,3,1.6,75,57,75,88,73.3,8.8,3,Yes,Yes,18,6.2,9.2,No,No
57,Female,20,Civil,1,5.3,66,98,53,80,77.0,8.96,1,No,No,4,5.2,2.6,Yes,No
58,Male,18,ME,4,5.8,90,68,42,54,54.7,7.96,2,No,No,16,4.8,3.1,No,No
59,Male,21,CSE,2,5.5,77,59,44,43,48.7,7.69,1,No,No,20,8.6,5.0,No,No
60,Female,23,ME,3,4.5,91,78,45,78,67.0,8.52,0,No,No,12,7.2,1.2,Yes,No
61,Male,24,IT,3,5.0,71,80,73,81,78.0,9.01,3,No,No,7,9.0,4.9,No,No
62,Male,21,ECE,4,3.3,66,60,61,66,62.3,8.3,5,No,No,11,7.5,4.6,Yes,No
63,Female,18,ECE,3,3.3,85,82,92,40,71.3,8.71,5,No,No,15,4.7,5.7,No,No
64,Female,24,CSE,2,2.9,68,68,68,96,77.3,8.98,5,No,No,5,4.6,6.7,Yes,No
65,Male,20,Civil,1,4.9,65,64,93,98,85.0,9.32,0,No,No,5,7.4,2.4,No,No
66,Female,21,ME,4,2.7,95,59,64,52,58.3,8.12,4,Yes,Yes,4,5.7,8.1,No,No
67,Female,24,Civil,3,6.7,78,96,59,93,82.7,9.22,4,No,No,6,6.5,5.4,No,No
68,Female,21,ECE,2,7.9,75,86,64,54,68.0,8.56,6,No,No,3,5.9,5.3,No,No
69,Female,23,IT,2,4.5,62,58,72,77,69.0,8.61,2,Yes,Yes,16,4.9,9.2,Yes,No
70,Male,21,IT,2,1.5,76,71,79,84,78.0,9.01,3,Yes,Yes,12,8.3,8.7,No,No
71,Female,23,IT,4,7.1,62,89,44,55,62.7,8.32,5,No,No,9,7.9,4.9,Yes,No
72,Male,21,AIML,3,7.3,62,70,90,43,67.7,8.55,2,No,No,13,6.4,3.2,No,No
73,Male,19,AIML,1,5.3,84,89,83,55,75.7,8.91,3,Yes,Yes,9,6.6,3.3,No,No
74,Male,24,ME,3,5.7,70,54,68,100,74.0,8.83,2,No,No,15,7.6,5.1,No,No
75,Male,21,ME,1,2.7,96,72,76,58,68.7,8.59,5,No,No,2,8.9,6.9,No,No
76,Male,22,IT,1,7.4,91,68,89,91,82.7,9.22,1,No,No,9,7.4,6.6,Yes,No
77,Male,23,IT,1,3.2,88,52,77,63,64.0,8.38,5,Yes,Yes,4,8.6,3.9,No,No
78,Male,19,AIML,3,4.7,77,60,56,98,71.3,8.71,6,No,No,11,7.9,4.0,Yes,No
79,Female,18,AIML,2,7.0,85,85,63,45,64.3,8.39,6,No,No,2,5.7,2.1,No,No
80,Female,22,ME,3,1.8,74,80,41,79,66.7,8.5,4,No,No,9,7.4,6.7,No,No
81,Female,23,ME,1,2.0,62,69,71,47,62.3,8.3,0,Yes,Yes,19,5.1,5.1,No,No
82,Male,21,IT,1,6.8,99,76,100,100,92.0,9.64,2,Yes,Yes,13,5.5,5.0,Yes,Yes
83,Female,18,IT,3,4.8,82,53,65,57,58.3,8.12,1,Yes,Yes,16,4.9,2.9,Yes,No
84,Male,24,ECE,2,7.9,96,63,44,93,66.7,8.5,6,Yes,Yes,20,5.5,8.8,No,No
85,Male,24,Civil,1,2.9,69,58,74,56,62.7,8.32,6,Yes,Yes,5,7.5,1.2,Yes,No
86,Female,24,AIML,3,1.1,76,53,48,87,62.7,8.32,3,Yes,Yes,4,6.6,8.0,Yes,No
87,Female,22,AIML,1,6.1,93,69,69,81,73.0,8.79,0,Yes,Yes,17,8.3,4.8,Yes,No
88,Female,23,ME,1,7.3,80,88,49,44,60.3,8.21,1,No,No,20,7.0,3.9,No,No
89,Female,22,Civil,4,1.7,67,91,81,96,89.3,9.52,6,Yes,Yes,15,6.5,3.1,No,No
90,Female,21,ME,1,3.2,80,92,56,63,70.3,8.66,1,No,No,4,4.9,1.8,No,No
91,Male,23,IT,3,6.7,95,53,77,75,68.3,8.57,4,No,No,5,6.3,8.9,No,No
92,Male,20,Civil,3,3.5,96,82,53,49,61.3,8.26,5,No,No,9,8.3,4.2,No,No
93,Male,24,ECE,2,6.7,95,99,92,79,90.0,9.55,4,Yes,Yes,10,4.6,3.5,No,No
94,Female,20,CSE,2,7.1,96,92,65,44,67.0,8.52,1,Yes,Yes,4,7.9,2.9,No,No
95,Female,20,AIML,3,3.2,80,99,100,76,91.7,9.63,4,Yes,Yes,3,5.2,7.8,Yes,Yes
96,Male,20,ME,4,4.4,88,76,57,53,62.0,8.29,6,Yes,Yes,13,6.4,3.5,No,No
97,Female,18,AIML,4,7.9,63,50,53,59,54.0,7.93,1,Yes,Yes,10,5.8,2.1,No,No
98,Female,19,AIML,4,4.7,74,82,75,93,83.3,9.25,5,No,No,4,6.3,7.7,No,No
99,Male,21,CSE,3,5.0,96,75,85,80,80.0,9.1,3,No,No,5,6.3,9.7,Yes,No
100,Female,24,IT,3,1.6,66,65,67,77,69.7,8.64,3,Yes,Yes,14,8.4,7.7,Yes,No
101,Female,24,AIML,1,4.6,67,83,72,52,69.0,8.61,6,No,No,13,7.8,8.4,Yes,No
102,Male,18,AIML,3,2.4,98,59,88,88,78.3,9.02,5,Yes,Yes,7,8.8,6.7,No,No
103,Female,23,Civil,3,7.0,100,70,49,68,62.3,8.3,0,No,No,16,7.3,8.2,Yes,No
104,Female,22,CSE,3,4.2,62,53,63,93,69.7,8.64,2,Yes,Yes,4,7.3,5.6,No,No
105,Male,21,Civil,2,3.3,90,82,49,43,58.0,8.11,3,Yes,Yes,12,8.9,1.8,Yes,No
106,Male,19,IT,4,7.9,93,83,79,50,70.7,8.68,2,No,No,11,6.2,8.0,Yes,No
107,Female,18,ECE,1,4.9,84,68,56,86,70.0,8.65,6,Yes,Yes,12,4.9,7.0,No,No
108,Female,23,IT,4,1.9,65,69,75,64,69.3,8.62,5,No,No,6,7.5,8.5,Yes,No
109,Female,22,ECE,1,3.5,71,63,61,100,74.7,8.86,6,No,No,8,5.5,2.2,Yes,No
110,Female,24,CSE,1,5.6,99,58,78,64,66.7,8.5,1,Yes,Yes,7,8.2,7.9,Yes,No
111,Female,18,ME,3,5.7,75,78,79,58,71.7,8.73,6,No,No,9,6.9,3.8,No,No
112,Male,20,IT,4,4.2,78,99,64,72,78.3,9.02,4,No,No,7,8.2,8.2,Yes,No
113,Female,18,IT,4,7.1,95,56,85,94,78.3,9.02,4,Yes,Yes,11,4.9,2.4,No,No
114,Male,24,ME,1,7.6,74,78,96,62,78.7,9.04,0,No,No,3,6.3,4.4,No,No
115,Male,20,AIML,1,3.2,66,95,81,61,79.0,9.05,6,Yes,Yes,6,4.7,9.3,No,No
116,Male,24,IT,4,4.1,60,55,41,56,50.7,7.78,1,Yes,No,19,8.7,6.5,No,No
117,Male,24,ECE,2,3.1,63,65,66,80,70.3,8.66,6,No,No,4,5.0,9.1,Yes,No
118,Male,23,AIML,3,4.0,99,72,55,76,67.7,8.55,3,Yes,Yes,4,6.9,4.2,Yes,No
119,Female,24,ME,1,5.4,83,66,87,41,64.7,8.41,2,Yes,Yes,13,5.6,6.9,Yes,No
120,Female,19,CSE,3,4.8,71,99,83,69,83.7,9.27,5,No,No,7,8.2,1.6,No,No
121,Male,20,AIML,1,6.5,62,70,99,59,76.0,8.92,4,No,No,19,6.6,1.3,Yes,No
122,Female,20,CSE,3,2.9,83,77,96,65,79.3,9.07,5,No,No,14,6.0,2.7,No,No
123,Female,24,Civil,3,6.6,87,55,67,78,66.7,8.5,6,Yes,Yes,19,5.8,1.9,No,No
124,Female,20,ME,4,2.2,88,72,68,42,60.7,8.23,5,No,No,15,5.7,9.8,Yes,No
125,Male,23,IT,4,3.5,70,51,49,94,64.7,8.41,4,No,No,3,5.1,3.1,No,No
126,Female,21,Civil,1,5.2,88,73,63,68,68.0,8.56,6,Yes,Yes,20,5.1,4.3,No,No
127,Female,19,CSE,1,6.1,91,83,64,98,81.7,9.18,4,Yes,Yes,10,8.0,7.3,Yes,No
128,Female,23,ME,2,1.9,64,78,51,97,75.3,8.89,5,No,No,4,8.1,9.7,No,No
129,Female,23,CSE,3,7.2,70,95,85,99,93.0,9.69,5,Yes,Yes,13,6.8,2.1,Yes,Yes
130,Male,19,ME,1,3.5,96,73,69,91,77.7,9.0,4,Yes,Yes,4,4.8,4.6,No,No
131,Female,24,ME,1,1.9,80,91,44,68,67.7,8.55,3,No,No,6,8.5,8.0,Yes,No
132,Male,21,Civil,1,6.8,93,59,59,50,56.0,8.02,1,No,No,9,6.1,9.5,No,No
133,Male,20,AIML,3,1.9,79,89,74,45,69.3,8.62,4,Yes,Yes,20,8.7,2.4,No,No
134,Male,24,CSE,1,1.3,96,66,81,53,66.7,8.5,6,No,No,2,6.7,6.6,No,No
135,Female,21,AIML,4,3.1,64,94,43,50,62.3,8.3,3,No,No,17,6.6,4.1,Yes,No
136,Female,24,IT,3,6.1,82,75,48,88,70.3,8.66,2,Yes,Yes,12,5.6,2.1,No,No
137,Male,19,CSE,1,3.0,84,89,66,55,70.0,8.65,6,Yes,Yes,12,8.7,7.5,Yes,No
138,Male,21,Civil,4,4.5,79,81,41,45,55.7,8.01,3,No,No,9,5.5,4.2,Yes,No
139,Female,21,Civil,4,3.0,60,56,67,48,57.0,8.06,2,No,No,14,6.1,4.6,Yes,No
140,Female,22,ECE,1,3.7,88,98,75,57,76.7,8.95,6,Yes,Yes,6,8.9,4.5,No,No
141,Female,24,AIML,2,5.2,85,82,42,42,55.3,7.99,0,Yes,Yes,12,8.1,5.7,Yes,No
142,Male,20,Civil,3,2.1,99,97,93,59,83.0,9.23,4,No,No,18,8.2,5.8,No,No
143,Female,24,CSE,3,3.3,67,76,77,59,70.7,8.68,6,Yes,Yes,17,5.7,6.9,Yes,No
144,Male,22,ME,2,4.7,99,99,93,64,85.3,9.34,1,Yes,Yes,3,7.1,7.3,Yes,No
145,Male,21,ECE,4,2.1,73,76,72,89,79.0,9.05,4,No,No,3,7.7,5.7,No,No
146,Female,22,ME,3,7.7,89,84,61,74,73.0,8.79,2,No,No,17,5.4,3.2,No,No
147,Male,20,ECE,2,5.8,91,70,70,62,67.3,8.53,4,No,No,11,5.0,7.1,No,No
148,Female,24,ECE,2,3.0,78,95,45,62,67.3,8.53,3,No,No,17,5.5,8.5,No,No
149,Female,19,CSE,2,2.7,93,64,80,54,66.0,8.47,0,Yes,Yes,15,6.0,5.3,Yes,No
150,Male,22,AIML,4,5.6,90,80,81,52,71.0,8.7,6,No,No,12,5.8,1.5,Yes,No
151,Male,22,IT,1,7.4,71,76,96,93,88.3,9.47,1,Yes,Yes,14,8.0,2.7,No,No
152,Male,18,ECE,1,7.5,81,68,69,81,72.7,8.77,4,No,No,6,8.3,5.2,Yes,No
153,Male,20,AIML,4,5.5,71,50,87,61,66.0,8.47,6,No,No,20,7.5,2.7,No,No
154,Female,22,ECE,1,3.8,66,61,48,70,59.7,8.19,2,Yes,Yes,2,5.7,3.1,No,No
155,Female,20,Civil,1,2.8,83,94,55,43,64.0,8.38,5,Yes,Yes,16,5.9,4.6,No,No
156,Male,23,ECE,3,5.3,74,58,70,49,59.0,8.15,3,No,No,15,7.7,9.2,Yes,No
157,Male,23,Civil,1,4.7,93,95,63,44,67.3,8.53,4,Yes,Yes,3,8.2,9.1,Yes,No
158,Male,19,ECE,4,1.8,73,95,77,71,81.0,9.14,0,No,No,3,6.5,5.6,No,No
159,Male,22,ME,3,6.1,85,66,92,40,66.0,8.47,5,Yes,Yes,20,4.8,4.8,Yes,No
160,Male,18,ME,1,3.0,71,99,48,89,78.7,9.04,5,No,No,13,9.0,4.4,No,No
161,Female,18,IT,2,5.6,82,57,51,74,60.7,8.23,3,Yes,Yes,9,8.3,7.8,No,No
162,Female,23,IT,4,4.7,74,65,69,62,65.3,8.44,1,No,No,8,8.7,7.5,Yes,No
163,Male,24,IT,4,5.3,61,65,53,44,54.0,7.93,0,Yes,Yes,16,7.2,7.3,Yes,No
164,Male,23,CSE,4,4.1,94,63,88,95,82.0,9.19,6,Yes,Yes,6,6.8,3.6,No,No
165,Female,19,ECE,2,7.9,93,64,66,59,63.0,8.34,2,Yes,Yes,19,8.8,8.9,Yes,No
166,Female,22,ME,1,7.8,84,100,73,60,77.7,9.0,5,No,No,15,5.2,4.4,No,No
167,Male,24,AIML,3,7.0,69,79,98,43,73.3,8.8,4,No,No,15,7.0,2.2,Yes,No
168,Female,19,ECE,1,7.5,83,55,74,86,71.7,8.73,6,Yes,Yes,3,5.7,7.1,Yes,No
169,Male,19,Civil,2,4.4,81,69,98,40,69.0,8.61,1,Yes,Yes,5,7.9,7.8,Yes,No
170,Male,21,AIML,3,6.4,84,79,74,81,78.0,9.01,2,No,No,10,6.1,8.9,No,No
171,Male,24,IT,4,6.3,80,63,63,60,62.0,8.29,3,Yes,Yes,20,8.4,7.7,Yes,No
172,Female,22,Civil,4,3.1,72,71,54,64,63.0,8.34,4,Yes,Yes,17,7.0,9.5,No,No
173,Female,24,ME,4,4.2,82,60,48,86,64.7,8.41,4,No,No,7,8.6,5.9,Yes,No
174,Male,24,CSE,1,6.4,86,58,93,80,77.0,8.96,1,Yes,Yes,6,4.5,5.6,No,No
175,Male,22,IT,4,5.6,61,50,74,75,66.3,8.48,3,Yes,Yes,2,6.9,3.5,No,No
176,Male,22,IT,4,6.6,71,56,98,46,66.7,8.5,4,Yes,Yes,9,5.4,5.7,No,No
177,Female,24,ME,1,3.6,85,79,76,55,70.0,8.65,5,Yes,Yes,11,7.6,8.6,Yes,No
178,Male,21,ME,4,4.9,63,90,40,84,71.3,8.71,1,Yes,Yes,17,8.3,6.8,No,No
179,Male,22,CSE,2,2.5,96,80,57,42,59.7,8.19,0,No,No,19,7.0,1.3,No,No
180,Male,19,Civil,2,6.3,85,54,59,50,54.3,7.94,4,Yes,Yes,20,8.3,4.5,No,No
181,Female,24,IT,2,6.5,65,82,87,62,77.0,8.96,0,Yes,Yes,15,5.5,1.7,No,No
182,Female,18,IT,3,6.5,88,81,54,62,65.7,8.46,4,No,No,15,5.3,6.3,No,No
183,Male,24,Civil,3,6.6,64,55,57,49,53.7,7.92,3,Yes,Yes,14,5.9,2.0,Yes,No
184,Female,21,ECE,3,1.7,65,61,67,68,65.3,8.44,4,No,No,5,4.6,4.2,Yes,No
185,Female,24,ME,1,3.0,84,99,45,86,76.7,8.95,4,Yes,Yes,20,6.8,7.2,Yes,No
186,Male,20,ECE,3,4.5,64,60,67,57,61.3,8.26,3,No,No,17,8.0,4.3,Yes,No
187,Female,22,Civil,2,4.2,68,69,40,100,69.7,8.64,3,No,No,14,8.1,4.0,No,No
188,Female,24,IT,2,3.1,98,94,52,70,72.0,8.74,2,Yes,Yes,14,8.9,3.6,No,No
189,Male,20,ME,3,6.7,85,73,47,99,73.0,8.79,4,Yes,Yes,20,9.0,2.6,Yes,No
190,Female,23,AIML,4,6.6,64,100,90,66,85.3,9.34,5,No,Yes,6,7.4,3.2,Yes,No
191,Female,24,ME,1,4.1,98,80,77,65,74.0,8.83,4,No,No,19,4.7,9.7,Yes,No
192,Male,24,AIML,3,2.2,99,52,76,81,69.7,8.64,5,No,No,12,8.8,4.9,Yes,No
193,Male,20,AIML,2,4.1,85,79,89,83,83.7,9.27,4,Yes,Yes,13,9.0,5.3,No,No
194,Female,18,CSE,2,3.4,81,79,90,53,74.0,8.83,4,No,No,13,6.6,4.9,No,No
195,Female,18,ECE,1,6.7,67,51,94,61,68.7,8.59,5,Yes,Yes,7,8.7,7.7,Yes,No
196,Male,20,Civil,4,7.7,74,75,80,51,68.7,8.59,1,No,No,14,4.6,6.5,Yes,No
197,Female,22,ME,4,1.0,73,63,57,88,69.3,8.62,5,Yes,Yes,20,5.0,8.8,Yes,No
198,Female,20,AIML,4,1.8,91,83,80,60,74.3,8.84,4,No,No,14,7.1,4.1,No,No
199,Male,24,IT,3,7.4,97,55,83,48,62.0,8.29,2,Yes,Yes,9,5.9,2.6,Yes,No
200,Female,21,Civil,2,5.0,87,61,71,80,70.7,8.68,4,Yes,Yes,19,5.3,3.6,Yes,No
201,Female,24,ME,1,7.1,60,81,48,52,60.3,8.21,6,No,No,19,6.8,5.5,No,No
202,Female,23,ME,4,2.2,96,51,90,88,76.3,8.93,1,No,No,3,5.7,5.8,Yes,No
203,Female,22,IT,4,4.8,67,86,47,57,63.3,8.35,6,No,No,19,8.2,1.4,No,No
204,Male,21,CSE,2,3.1,62,78,56,62,65.3,8.44,6,Yes,Yes,16,8.4,2.1,Yes,No
205,Male,24,IT,3,7.0,99,90,67,50,69.0,8.61,4,Yes,Yes,8,8.2,8.2,No,No
206,Female,22,Civil,2,3.3,78,68,76,57,67.0,8.52,6,Yes,Yes,6,8.8,8.1,Yes,No
207,Female,24,IT,2,5.9,68,65,49,85,66.3,8.48,2,Yes,Yes,14,6.7,6.2,No,No
208,Female,21,ME,1,5.4,65,75,72,87,78.0,9.01,2,No,No,16,8.8,3.9,Yes,No
209,Male,23,ME,3,7.0,94,75,53,67,65.0,8.43,6,Yes,Yes,17,5.7,8.5,No,No
210,Male,22,ME,3,7.3,63,52,46,80,59.3,8.17,6,No,No,2,5.1,8.7,No,No
211,Female,18,ME,2,8.0,68,91,59,50,66.7,8.5,6,No,No,4,7.4,3.3,No,No
212,Male,18,ME,3,6.1,74,77,81,45,67.7,8.55,5,Yes,Yes,2,5.5,1.7,Yes,No
213,Female,18,CSE,3,6.7,87,94,48,70,70.7,8.68,0,Yes,Yes,14,4.9,8.3,Yes,No
214,Female,20,ECE,2,3.7,68,91,83,49,74.3,8.84,0,Yes,Yes,7,6.5,7.5,Yes,No
215,Female,22,IT,4,7.0,65,56,48,88,64.0,8.38,0,No,No,13,8.8,3.8,Yes,No
216,Male,20,IT,1,2.7,98,88,86,78,84.0,9.28,2,Yes,Yes,11,5.4,6.5,Yes,No
217,Female,20,IT,1,6.5,75,81,64,47,64.0,8.38,1,No,No,4,6.9,9.8,No,No
218,Female,19,ME,4,3.6,71,98,70,89,85.7,9.36,0,Yes,Yes,20,4.8,3.4,Yes,No
219,Male,24,ME,3,5.4,92,99,66,67,77.3,8.98,5,No,No,4,7.4,5.8,Yes,No
220,Female,18,ECE,1,4.6,73,59,74,60,64.3,8.39,3,Yes,Yes,11,7.6,7.6,Yes,No
221,Male,19,CSE,4,1.8,99,88,43,59,63.3,8.35,5,Yes,Yes,5,4.6,2.2,Yes,No
222,Male,21,ECE,3,2.2,68,97,89,95,93.7,9.72,2,Yes,Yes,2,6.0,4.9,Yes,Yes
223,Female,23,Civil,1,4.5,92,73,43,71,62.3,8.3,6,Yes,Yes,13,5.2,8.0,Yes,No
224,Male,23,Civil,1,1.3,60,65,42,70,59.0,8.15,2,No,No,6,5.3,9.6,Yes,No
225,Female,19,ECE,2,3.9,80,67,92,44,67.7,8.55,4,No,No,5,6.8,9.1,Yes,No
226,Male,24,Civil,1,7.7,64,79,95,58,77.3,8.98,6,No,No,12,4.9,5.1,No,No
227,Male,20,Civil,3,6.2,75,79,63,77,73.0,8.79,3,Yes,Yes,19,7.9,3.2,Yes,No
228,Female,18,AIML,3,5.5,60,71,40,88,66.3,8.48,5,No,No,11,5.0,5.8,Yes,No
229,Female,21,CSE,2,6.0,65,52,98,54,68.0,8.56,6,No,No,13,6.6,7.7,Yes,No
230,Male,23,ME,1,5.1,63,77,82,48,69.0,8.61,1,No,No,10,8.3,9.3,No,No
231,Female,20,ME,3,2.6,72,58,89,89,78.7,9.04,4,Yes,Yes,6,5.0,5.0,No,No
232,Female,18,Civil,3,7.8,73,78,59,69,68.7,8.59,2,Yes,Yes,4,5.2,7.2,Yes,No
233,Male,24,ECE,2,1.6,75,72,65,72,69.7,8.64,0,No,No,10,8.2,2.6,No,No
234,Female,22,IT,2,1.7,66,100,48,47,65.0,8.43,0,Yes,Yes,9,5.1,8.4,No,No
235,Male,22,Civil,3,7.4,64,51,44,52,49.0,7.71,5,No,No,6,4.9,8.6,No,No
236,Male,18,ME,1,2.2,96,77,92,86,85.0,9.32,3,No,No,2,6.2,4.8,No,No
237,Male,19,ECE,3,4.1,69,52,79,79,70.0,8.65,4,Yes,Yes,11,6.7,8.9,No,No
238,Male,18,ECE,4,2.0,72,91,96,91,92.7,9.67,4,Yes,Yes,19,8.1,9.9,No,Yes
239,Female,22,ME,3,7.4,92,70,64,57,63.7,8.37,1,Yes,Yes,12,7.2,1.3,No,No
240,Male,24,ME,3,6.4,74,60,46,55,53.7,7.92,5,Yes,Yes,10,6.9,8.1,Yes,No
241,Male,22,ME,3,7.5,71,61,55,77,64.3,8.39,2,No,No,20,4.6,7.3,Yes,No
242,Male,24,ME,3,2.2,62,55,43,54,50.7,7.78,4,Yes,No,2,6.9,1.0,Yes,No
243,Male,20,IT,2,7.4,80,53,41,49,47.7,7.65,4,Yes,No,5,8.3,8.7,Yes,No
244,Female,23,IT,4,5.1,81,69,60,48,59.0,8.15,1,No,No,17,7.4,2.6,No,No
245,Male,23,Civil,2,3.6,78,58,51,86,65.0,8.43,0,No,No,20,4.6,6.4,Yes,No
246,Male,21,AIML,3,6.2,75,72,60,50,60.7,8.23,5,Yes,Yes,12,6.5,3.4,Yes,No
247,Male,20,ECE,1,6.0,63,74,68,86,76.0,8.92,3,Yes,Yes,15,6.7,4.4,No,No
248,Male,24,ME,2,2.1,64,52,58,41,50.3,7.76,2,No,No,5,4.8,2.5,No,No
249,Male,23,CSE,1,3.4,99,80,85,41,68.7,8.59,3,Yes,Yes,15,5.2,1.9,Yes,No
250,Male,21,IT,3,5.6,79,65,46,43,51.3,7.81,3,No,No,6,4.7,1.0,Yes,No
251,Female,24,IT,4,2.4,61,63,50,80,64.3,8.39,2,Yes,Yes,17,8.3,3.8,No,No
252,Female,21,IT,3,1.6,94,74,51,63,62.7,8.32,3,No,No,7,6.5,3.4,No,No
253,Female,19,ECE,1,2.1,66,55,82,62,66.3,8.48,6,No,No,20,5.5,1.5,No,No
254,Female,22,IT,4,5.0,75,80,59,45,61.3,8.26,3,Yes,Yes,18,7.1,5.7,Yes,No
255,Male,24,ME,2,7.6,70,63,91,52,68.7,8.59,1,Yes,Yes,15,4.9,7.1,Yes,No
256,Male,24,Civil,3,3.2,64,55,64,75,64.7,8.41,3,No,No,10,6.8,9.3,Yes,No
257,Female,18,ME,2,2.0,97,87,88,100,91.7,9.63,0,Yes,Yes,20,8.0,8.1,No,Yes
258,Female,20,ME,4,5.0,90,52,51,57,53.3,7.9,3,Yes,Yes,14,4.7,9.0,No,No
259,Male,18,IT,4,7.4,83,51,61,92,68.0,8.56,6,No,No,11,5.8,5.4,Yes,No
260,Male,19,ECE,4,6.4,80,67,86,66,73.0,8.79,4,Yes,Yes,8,6.5,9.2,No,No
261,Female,24,Civil,3,6.7,92,100,50,44,64.7,8.41,2,No,No,6,8.0,5.7,Yes,No
262,Male,19,AIML,1,2.7,89,53,98,63,71.3,8.71,5,Yes,Yes,10,6.2,5.2,No,No
263,Male,23,CSE,2,3.6,98,78,51,95,74.7,8.86,3,No,No,13,5.2,9.1,Yes,No
264,Female,18,ME,1,2.1,96,99,53,94,82.0,9.19,1,Yes,Yes,8,5.7,4.7,Yes,No
265,Male,21,AIML,2,5.2,60,64,56,78,66.0,8.47,6,No,No,10,6.4,4.4,No,No
266,Female,20,AIML,4,3.1,93,89,65,77,77.0,8.96,0,Yes,Yes,18,9.0,9.7,No,No
267,Female,20,IT,1,4.4,81,67,80,60,69.0,8.61,6,No,No,10,7.5,9.6,No,No
268,Male,19,Civil,2,7.3,98,75,82,60,72.3,8.75,5,Yes,Yes,2,7.4,10.0,No,No
269,Female,21,ME,1,5.1,96,62,61,86,69.7,8.64,5,Yes,Yes,19,7.4,5.3,No,No
270,Female,24,AIML,2,3.1,90,58,87,56,67.0,8.52,5,Yes,Yes,12,7.4,3.0,Yes,No
271,Female,21,ECE,3,2.8,78,79,94,47,73.3,8.8,3,Yes,Yes,20,7.1,6.6,No,No
272,Male,22,CSE,4,4.7,86,53,95,94,80.7,9.13,1,Yes,Yes,8,6.0,9.9,No,No
273,Male,20,IT,2,6.5,91,71,80,51,67.3,8.53,2,Yes,Yes,2,6.5,2.9,Yes,No
274,Male,21,CSE,2,5.3,100,77,65,67,69.7,8.64,3,No,No,2,4.7,2.8,No,No
275,Male,20,Civil,2,1.1,60,90,86,55,77.0,8.96,1,No,No,11,5.1,4.5,No,No
276,Male,18,CSE,3,7.6,89,96,73,78,82.3,9.2,4,No,No,15,8.5,10.0,No,No
277,Female,20,AIML,2,7.6,85,51,54,54,53.0,7.88,5,Yes,Yes,8,7.8,6.3,Yes,No
278,Male,20,IT,1,3.6,100,66,89,74,76.3,8.93,4,Yes,Yes,3,7.5,6.9,Yes,No
279,Male,23,CSE,4,4.1,67,85,56,70,70.3,8.66,5,Yes,Yes,8,7.6,6.7,No,No
280,Female,23,CSE,3,5.4,68,76,93,97,88.7,9.49,0,Yes,Yes,11,5.0,2.0,Yes,No
281,Male,24,ECE,2,3.5,86,68,50,42,53.3,7.9,4,No,No,8,7.6,5.3,Yes,No
282,Male,18,IT,1,7.3,96,92,71,49,70.7,8.68,0,Yes,Yes,5,8.6,6.8,No,No
283,Female,20,ME,1,1.7,71,52,94,58,68.0,8.56,2,No,No,15,7.8,1.9,Yes,No
284,Male,24,AIML,2,3.3,88,89,57,96,80.7,9.13,5,Yes,Yes,13,8.2,2.6,No,No
285,Female,21,ECE,4,5.8,90,76,81,96,84.3,9.29,6,Yes,Yes,5,5.1,7.5,Yes,No
286,Male,21,Civil,4,6.6,88,61,79,64,68.0,8.56,6,No,No,2,8.4,8.9,Yes,No
287,Female,21,CSE,4,4.1,64,66,81,60,69.0,8.61,0,Yes,Yes,12,6.8,7.2,Yes,No
288,Female,23,IT,2,4.4,84,59,93,92,81.3,9.16,4,Yes,Yes,2,7.4,2.4,No,No
289,Female,24,AIML,1,6.3,80,65,61,57,61.0,8.25,0,Yes,Yes,19,7.4,4.6,Yes,No
290,Male,21,ME,4,1.6,91,78,60,47,61.7,8.28,3,Yes,Yes,5,6.3,1.3,Yes,No
291,Male,24,Civil,3,7.2,95,63,81,82,75.3,8.89,3,No,No,13,8.2,8.3,No,No
292,Female,22,Civil,4,6.0,83,95,68,47,70.0,8.65,0,Yes,Yes,2,6.0,8.5,No,No
293,Female,23,CSE,1,7.3,91,58,92,85,78.3,9.02,5,No,No,5,5.6,2.8,Yes,No
294,Female,19,ME,2,6.0,66,98,66,42,68.7,8.59,5,Yes,Yes,16,6.6,6.3,Yes,No
295,Female,18,Civil,1,4.9,87,87,70,99,85.3,9.34,4,Yes,Yes,20,5.3,8.3,Yes,No
296,Female,23,Civil,3,4.5,84,76,78,98,84.0,9.28,5,Yes,Yes,10,6.3,4.1,No,No
297,Female,24,AIML,2,3.9,92,69,93,84,82.0,9.19,4,No,No,19,7.3,2.8,No,No
298,Female,23,AIML,2,4.5,100,70,85,47,67.3,8.53,6,No,No,19,6.7,6.1,No,No
299,Female,24,ME,1,4.7,61,74,49,43,55.3,7.99,5,Yes,Yes,8,5.7,8.1,No,No
300,Female,19,CSE,3,2.4,94,52,62,92,68.7,8.59,3,Yes,Yes,19,8.4,7.7,No,No
301,Male,22,IT,3,5.9,63,74,64,66,68.0,8.56,6,No,No,19,4.7,7.7,Yes,No
302,Female,24,AIML,3,6.3,94,97,78,52,75.7,8.91,6,Yes,Yes,11,6.5,9.9,Yes,No
303,Male,19,IT,1,3.6,87,67,75,56,66.0,8.47,1,Yes,Yes,20,8.3,1.1,No,No
304,Male,18,AIML,3,5.2,100,89,93,82,88.0,9.46,2,No,Yes,20,7.0,1.7,No,No
305,Male,19,Civil,1,6.5,70,76,74,74,74.7,8.86,3,Yes,Yes,13,5.5,2.9,No,No
306,Female,20,ECE,2,7.7,99,83,70,75,76.0,8.92,6,Yes,Yes,5,7.5,5.0,Yes,No
307,Male,23,ECE,4,7.4,67,74,56,74,68.0,8.56,5,No,No,2,8.6,8.4,No,No
308,Female,21,CSE,3,7.3,72,70,72,45,62.3,8.3,0,Yes,Yes,19,6.9,6.6,Yes,No
309,Male,24,IT,4,6.8,73,84,93,84,87.0,9.41,5,No,Yes,4,7.9,2.4,No,No
310,Female,18,CSE,1,1.4,76,85,44,76,68.3,8.57,6,Yes,Yes,10,6.3,5.1,No,No
311,Female,20,CSE,4,5.7,94,50,81,86,72.3,8.75,4,Yes,Yes,20,4.7,8.6,No,No
312,Male,20,IT,3,5.2,78,98,99,68,88.3,9.47,3,No,Yes,2,6.6,5.8,Yes,No
313,Female,24,Civil,3,7.7,69,69,83,96,82.7,9.22,6,No,No,2,7.0,6.0,Yes,No
314,Male,18,Civil,4,4.8,65,69,53,87,69.7,8.64,5,No,No,8,6.4,6.8,Yes,No
315,Male,19,AIML,3,2.4,71,92,91,76,86.3,9.38,6,Yes,Yes,19,6.6,5.9,No,No
316,Male,20,CSE,2,6.1,91,71,62,48,60.3,8.21,5,Yes,Yes,5,5.8,1.6,Yes,No
317,Female,21,ME,3,5.3,79,94,77,49,73.3,8.8,4,No,No,12,8.8,2.5,No,No
318,Male,24,AIML,4,2.9,83,58,83,86,75.7,8.91,2,No,No,16,6.5,8.0,No,No
319,Male,19,IT,1,6.9,68,84,52,56,64.0,8.38,5,Yes,Yes,4,8.5,8.6,Yes,No
320,Female,24,Civil,2,7.3,95,66,74,97,79.0,9.05,4,No,No,6,6.1,3.0,No,No
321,Male,21,Civil,1,3.8,92,50,82,55,62.3,8.3,6,Yes,Yes,18,5.1,2.4,Yes,No
322,Female,20,CSE,2,6.3,74,54,56,63,57.7,8.1,1,Yes,Yes,8,6.8,8.1,No,No
323,Female,21,CSE,1,7.9,80,56,85,73,71.3,8.71,5,No,No,10,7.1,6.1,No,No
324,Female,20,Civil,1,4.6,84,64,73,65,67.3,8.53,2,No,No,17,8.1,9.0,Yes,No
325,Male,21,AIML,2,1.5,77,63,49,51,54.3,7.94,1,No,No,5,7.5,4.7,No,No
326,Male,21,IT,4,4.4,97,60,81,93,78.0,9.01,3,Yes,Yes,9,4.7,6.2,Yes,No
327,Male,23,Civil,1,7.2,69,53,50,56,53.0,7.88,1,No,No,20,7.4,8.9,No,No
328,Male,19,ME,4,7.1,70,64,93,66,74.3,8.84,4,Yes,Yes,20,8.2,2.6,No,No
329,Male,23,IT,3,7.5,98,87,44,54,61.7,8.28,3,No,No,6,5.0,2.8,No,No
330,Male,22,CSE,2,4.3,99,88,42,96,75.3,8.89,6,Yes,Yes,4,6.7,2.2,Yes,No
331,Female,22,ME,3,7.1,93,77,54,100,77.0,8.96,6,No,No,14,6.1,8.2,Yes,No
332,Female,19,ECE,4,6.4,65,68,78,96,80.7,9.13,4,No,No,10,5.4,7.4,Yes,No
333,Male,22,CSE,4,5.6,80,76,63,46,61.7,8.28,1,No,No,20,5.6,8.7,No,No
334,Female,22,ECE,4,6.3,86,85,90,75,83.3,9.25,3,Yes,Yes,13,7.0,5.4,No,No
335,Female,24,IT,4,6.2,67,97,54,68,73.0,8.79,6,Yes,Yes,5,5.5,4.6,No,No
336,Male,19,ME,1,6.6,69,80,99,78,85.7,9.36,3,Yes,Yes,4,5.7,4.3,Yes,No
337,Female,21,Civil,3,6.0,98,53,100,89,80.7,9.13,6,Yes,Yes,17,6.5,2.8,No,No
338,Male,18,Civil,2,5.3,62,73,55,81,69.7,8.64,0,Yes,Yes,4,9.0,8.0,No,No
339,Female,21,Civil,2,4.6,64,55,75,58,62.7,8.32,5,No,No,13,8.8,3.5,Yes,No
340,Female,21,Civil,1,2.8,86,82,46,75,67.7,8.55,0,No,No,12,8.8,8.2,No,No
341,Female,23,ME,4,4.9,75,98,61,89,82.7,9.22,3,No,No,20,8.4,5.3,No,No
342,Male,21,IT,2,5.7,74,70,66,62,66.0,8.47,4,Yes,Yes,10,5.6,1.8,No,No
343,Male,22,AIML,4,3.2,73,86,57,51,64.7,8.41,5,Yes,Yes,17,7.8,3.1,Yes,No
344,Female,19,AIML,2,6.8,99,72,49,89,70.0,8.65,0,Yes,Yes,4,7.5,7.0,Yes,No
345,Male,24,ME,3,5.3,91,86,95,57,79.3,9.07,3,Yes,Yes,18,5.8,3.0,Yes,No
346,Male,22,ME,4,7.6,62,82,62,65,69.7,8.64,6,Yes,Yes,16,8.9,7.3,No,No
347,Female,23,CSE,1,5.7,84,87,46,60,64.3,8.39,2,No,No,7,7.0,3.1,No,No
348,Female,20,AIML,4,4.0,86,94,88,63,81.7,9.18,2,No,No,10,6.5,6.1,Yes,No
349,Male,23,ECE,2,4.9,84,62,49,91,67.3,8.53,5,Yes,Yes,17,8.1,2.6,No,No
350,Male,24,IT,3,6.5,79,66,75,94,78.3,9.02,4,Yes,Yes,14,4.9,2.5,Yes,No
351,Female,21,IT,1,4.1,81,66,63,63,64.0,8.38,4,No,No,13,4.6,2.1,Yes,No
352,Male,24,ECE,3,3.3,92,81,89,87,85.7,9.36,3,Yes,Yes,14,7.3,5.2,Yes,No
353,Male,23,ECE,4,5.4,96,75,94,98,89.0,9.5,0,Yes,Yes,7,6.0,3.8,No,No
354,Female,22,IT,4,2.9,88,99,95,100,98.0,9.91,2,No,Yes,15,5.3,8.7,Yes,Yes
355,Male,23,ECE,1,2.5,85,56,46,44,48.7,7.69,3,Yes,No,2,8.0,5.7,Yes,No
356,Male,20,Civil,2,1.6,84,69,54,55,59.3,8.17,5,No,No,16,7.3,2.2,Yes,No
357,Male,18,IT,3,7.0,80,80,69,95,81.3,9.16,4,No,No,19,6.5,9.7,Yes,No
358,Female,23,IT,4,4.7,100,84,59,98,80.3,9.11,2,No,No,19,5.5,1.8,No,No
359,Female,21,ECE,2,3.1,60,83,92,88,87.7,9.45,6,Yes,Yes,13,5.8,5.8,No,No
360,Female,20,CSE,4,6.6,98,64,90,40,64.7,8.41,4,No,No,8,6.4,6.0,No,No
361,Male,19,IT,4,6.8,74,66,45,67,59.3,8.17,5,Yes,Yes,18,7.9,9.2,No,No
362,Female,23,IT,3,3.9,64,61,48,58,55.7,8.01,0,No,No,16,5.7,6.6,Yes,No
363,Female,18,AIML,1,7.8,61,61,46,58,55.0,7.97,2,Yes,Yes,16,7.8,3.1,Yes,No
364,Male,21,AIML,3,3.9,91,73,69,84,75.3,8.89,6,Yes,Yes,12,4.9,7.8,Yes,No
365,Male,20,ME,1,4.8,71,62,97,93,84.0,9.28,2,No,No,2,5.0,7.9,Yes,No
366,Female,24,ME,2,6.2,62,62,69,87,72.7,8.77,6,Yes,Yes,18,7.5,2.9,No,No
367,Female,20,AIML,1,6.2,95,83,47,56,62.0,8.29,3,No,No,8,6.1,1.5,Yes,No
368,Male,19,IT,4,3.3,70,100,57,77,78.0,9.01,0,No,No,9,4.5,1.4,No,No
369,Male,20,CSE,2,2.1,65,93,79,61,77.7,9.0,6,Yes,Yes,3,6.1,2.4,Yes,No
370,Male,21,AIML,3,7.9,82,78,86,52,72.0,8.74,0,No,No,13,7.8,3.3,Yes,No
371,Female,23,ME,3,4.8,91,62,76,51,63.0,8.34,4,No,No,12,7.8,3.5,Yes,No
372,Male,22,AIML,4,3.1,76,84,63,69,72.0,8.74,0,No,No,7,8.5,6.6,No,No
373,Male,20,IT,1,5.6,94,74,52,73,66.3,8.48,5,No,No,19,5.2,3.5,No,No
374,Female,18,CSE,1,1.3,68,61,95,42,66.0,8.47,1,Yes,Yes,17,5.4,1.3,No,No
375,Female,22,Civil,3,1.3,74,88,85,44,72.3,8.75,0,Yes,Yes,17,8.7,8.5,No,No
376,Male,20,Civil,4,6.8,63,89,57,73,73.0,8.79,0,Yes,Yes,11,4.9,2.9,Yes,No
377,Male,23,AIML,4,2.3,93,92,55,76,74.3,8.84,5,Yes,Yes,19,7.9,4.7,Yes,No
378,Female,23,ME,4,7.2,70,100,51,75,75.3,8.89,3,No,No,7,6.9,6.4,No,No
379,Female,22,ECE,3,3.9,100,77,92,86,85.0,9.32,2,Yes,Yes,20,7.0,4.4,No,No
380,Female,21,ME,4,1.0,62,68,78,41,62.3,8.3,4,Yes,Yes,11,4.5,9.9,Yes,No
381,Female,18,IT,3,7.4,92,85,76,99,86.7,9.4,4,Yes,Yes,5,4.7,4.2,Yes,No
382,Female,20,Civil,2,2.6,79,55,76,65,65.3,8.44,4,Yes,Yes,4,7.8,8.1,Yes,No
383,Female,24,IT,1,5.2,79,52,86,91,76.3,8.93,4,No,No,4,8.0,9.3,No,No
384,Female,24,ME,4,7.5,67,99,54,87,80.0,9.1,5,Yes,Yes,14,4.7,5.7,No,No
385,Male,20,Civil,2,2.1,85,78,88,78,81.3,9.16,4,Yes,Yes,9,6.4,8.1,Yes,No
386,Male,20,CSE,4,5.0,63,85,65,56,68.7,8.59,0,No,No,18,6.5,7.3,Yes,No
387,Female,22,AIML,4,3.8,96,62,75,79,72.0,8.74,5,Yes,Yes,9,4.8,8.0,No,No
388,Male,18,IT,4,4.0,82,62,60,62,61.3,8.26,4,Yes,Yes,11,5.3,4.1,No,No
389,Male,21,CSE,2,2.4,83,59,88,86,77.7,9.0,6,Yes,Yes,5,7.8,3.2,Yes,No
390,Female,18,ECE,1,3.1,90,51,61,53,55.0,7.97,5,Yes,Yes,8,7.0,7.8,No,No
391,Male,23,IT,1,3.6,93,52,56,50,52.7,7.87,0,No,No,8,8.1,6.6,Yes,No
392,Female,23,CSE,1,3.7,77,92,94,98,94.7,9.76,5,No,Yes,5,4.6,8.8,No,Yes
393,Male,21,Civil,1,7.3,91,88,74,45,69.0,8.61,1,Yes,Yes,18,8.9,6.0,Yes,No
394,Male,19,Civil,3,3.3,85,97,50,41,62.7,8.32,2,No,No,13,7.3,3.1,No,No
395,Male,23,ECE,4,7.2,61,85,100,57,80.7,9.13,1,Yes,Yes,12,8.5,6.9,Yes,No
396,Female,22,IT,2,3.9,96,59,67,59,61.7,8.28,4,No,No,16,6.9,2.9,Yes,No
397,Male,24,AIML,3,5.8,93,58,67,98,74.3,8.84,6,Yes,Yes,20,8.6,3.9,Yes,No
398,Male,20,AIML,1,6.4,86,76,59,68,67.7,8.55,5,No,No,6,8.0,2.0,Yes,No
399,Male,24,Civil,3,5.2,99,64,78,54,65.3,8.44,1,Yes,Yes,13,4.9,8.0,Yes,No
400,Female,23,IT,3,2.3,84,81,70,48,66.3,8.48,1,Yes,Yes,9,4.6,7.9,Yes,No
401,Female,21,AIML,2,6.3,64,61,99,68,76.0,8.92,6,No,No,12,8.4,9.0,No,No
402,Female,24,CSE,4,6.0,85,89,100,87,92.0,9.64,4,Yes,Yes,18,5.0,5.1,Yes,Yes
403,Male,22,Civil,4,7.9,62,85,64,73,74.0,8.83,6,Yes,Yes,8,5.8,4.6,No,No
404,Female,21,AIML,4,3.1,63,94,73,97,88.0,9.46,1,No,Yes,16,4.9,5.5,Yes,No
405,Male,21,ME,3,4.2,71,79,77,97,84.3,9.29,5,Yes,Yes,16,4.9,3.9,Yes,No
406,Male,18,CSE,4,5.4,65,83,85,64,77.3,8.98,5,Yes,Yes,14,7.0,1.4,Yes,No
407,Female,22,IT,2,2.1,69,61,89,85,78.3,9.02,0,No,No,11,5.9,7.9,No,No
408,Female,23,AIML,1,7.3,72,50,79,88,72.3,8.75,2,Yes,Yes,16,6.7,5.5,Yes,No
409,Female,19,AIML,4,4.2,88,55,78,78,70.3,8.66,0,Yes,Yes,19,5.8,6.7,Yes,No
410,Male,19,AIML,1,5.6,62,59,94,42,65.0,8.43,5,No,No,12,8.6,1.4,No,No
411,Male,19,IT,3,5.3,98,86,90,75,83.7,9.27,1,No,No,20,6.1,1.3,No,No
412,Female,20,ME,1,6.3,95,54,58,70,60.7,8.23,1,Yes,Yes,10,6.0,4.7,Yes,No
413,Male,22,CSE,1,5.0,100,83,45,70,66.0,8.47,5,No,No,15,7.2,3.8,No,No
414,Male,22,Civil,4,4.6,100,81,71,91,81.0,9.14,1,Yes,Yes,11,8.9,1.0,Yes,No
415,Female,23,CSE,2,6.6,86,76,42,61,59.7,8.19,2,Yes,Yes,2,7.4,7.2,No,No
416,Male,20,ECE,3,6.4,67,93,61,61,71.7,8.73,3,Yes,Yes,7,5.4,8.5,No,No
417,Female,24,CSE,2,4.4,100,79,97,95,90.3,9.56,4,No,Yes,16,8.0,4.7,Yes,Yes
418,Female,22,IT,3,4.9,61,63,76,83,74.0,8.83,2,No,No,4,8.9,3.5,Yes,No
419,Female,21,IT,2,5.0,84,61,78,47,62.0,8.29,6,No,No,12,7.7,3.4,Yes,No
420,Female,19,ECE,4,6.8,79,63,73,59,65.0,8.43,1,Yes,Yes,13,8.0,8.0,Yes,No
421,Female,22,CSE,4,7.3,69,62,61,99,74.0,8.83,3,No,No,12,5.1,8.8,Yes,No
422,Male,23,CSE,4,3.7,93,57,40,59,52.0,7.84,0,Yes,Yes,12,6.6,1.4,No,No
423,Male,22,ECE,2,3.2,72,68,57,74,66.3,8.48,2,No,No,5,5.7,2.4,Yes,No
424,Male,22,Civil,1,2.4,82,85,60,57,67.3,8.53,1,No,No,20,5.6,1.6,No,No
425,Female,18,AIML,1,4.3,63,56,64,43,54.3,7.94,0,No,No,14,5.3,6.4,No,No
426,Female,20,ECE,2,6.0,94,55,99,88,80.7,9.13,6,No,No,20,5.1,8.3,No,No
427,Male,21,ECE,4,4.3,74,59,95,97,83.7,9.27,4,No,No,13,6.3,7.3,No,No
428,Female,21,ME,1,1.5,67,72,70,69,70.3,8.66,6,Yes,Yes,11,8.0,6.4,Yes,No
429,Male,21,IT,1,3.3,64,100,59,74,77.7,9.0,3,No,No,20,6.4,6.6,Yes,No
430,Female,21,CSE,3,2.5,97,77,90,67,78.0,9.01,4,No,No,19,7.6,2.6,Yes,No
431,Female,18,Civil,4,3.3,66,78,51,59,62.7,8.32,3,Yes,Yes,5,7.6,6.4,No,No
432,Female,21,IT,1,1.6,68,87,97,88,90.7,9.58,5,Yes,Yes,6,7.5,5.1,No,Yes
433,Female,22,Civil,4,2.4,80,69,76,90,78.3,9.02,5,No,No,15,7.7,9.2,Yes,No
434,Male,22,Civil,4,6.9,78,53,63,97,71.0,8.7,4,Yes,Yes,2,7.7,8.4,No,No
435,Male,24,ECE,1,2.6,97,75,80,60,71.7,8.73,5,No,No,14,6.2,5.9,Yes,No
436,Female,19,AIML,4,6.9,83,76,49,58,61.0,8.25,6,Yes,Yes,6,4.6,6.8,Yes,No
437,Female,23,ME,2,1.6,86,79,97,90,88.7,9.49,5,No,Yes,7,6.5,4.8,No,No
438,Female,20,AIML,2,4.0,60,86,71,94,83.7,9.27,5,Yes,Yes,18,5.7,9.3,No,No
439,Male,18,Civil,4,5.9,67,87,70,84,80.3,9.11,0,Yes,Yes,18,8.9,9.9,No,No
440,Female,22,CSE,1,2.7,100,97,82,82,87.0,9.41,0,No,Yes,3,8.6,5.8,Yes,No
441,Female,21,Civil,4,5.0,81,76,62,91,76.3,8.93,2,No,No,7,4.7,9.3,No,No
442,Female,18,IT,4,5.0,96,53,82,58,64.3,8.39,6,Yes,Yes,11,6.7,2.1,Yes,No
443,Female,20,AIML,3,2.9,76,50,87,47,61.3,8.26,4,Yes,Yes,20,7.8,6.9,No,No
444,Male,20,IT,2,4.4,93,52,61,45,52.7,7.87,1,Yes,Yes,17,7.9,4.7,No,No
445,Male,23,ME,2,2.5,82,53,81,56,63.3,8.35,6,Yes,Yes,3,5.3,4.6,No,No
446,Female,23,Civil,2,3.7,84,80,56,49,61.7,8.28,4,No,No,2,5.8,8.2,No,No
447,Female,22,IT,1,1.7,94,90,62,94,82.0,9.19,3,No,No,12,5.7,8.2,No,No
448,Female,21,IT,2,6.1,97,99,52,73,74.7,8.86,2,Yes,Yes,12,7.0,7.1,Yes,No
449,Male,21,CSE,1,5.8,82,64,86,58,69.3,8.62,2,Yes,Yes,3,4.6,1.8,Yes,No
450,Male,23,CSE,1,7.0,68,74,82,88,81.3,9.16,5,Yes,Yes,5,7.6,3.3,No,No
451,Male,23,ME,3,6.4,80,66,50,89,68.3,8.57,0,No,No,3,6.2,4.0,Yes,No
452,Female,24,ECE,2,4.1,91,62,79,65,68.7,8.59,1,No,No,5,5.1,7.9,Yes,No
453,Male,21,IT,3,1.7,64,54,76,86,72.0,8.74,2,No,No,2,8.5,2.3,Yes,No
454,Male,23,ME,3,2.1,81,75,76,40,63.7,8.37,4,No,No,17,6.5,8.6,Yes,No
455,Male,18,ME,4,1.8,94,72,61,83,72.0,8.74,2,No,No,3,7.3,9.6,Yes,No
456,Female,22,ECE,1,6.9,78,91,52,51,64.7,8.41,4,Yes,Yes,14,7.5,3.7,No,No
457,Male,23,IT,3,4.4,100,78,87,52,72.3,8.75,1,Yes,Yes,8,4.6,10.0,Yes,No
458,Female,21,CSE,3,4.5,88,51,42,61,51.3,7.81,0,No,No,3,6.3,2.9,No,No
459,Male,23,Civil,2,7.5,62,97,49,71,72.3,8.75,5,Yes,Yes,17,8.6,6.6,Yes,No
460,Male,18,AIML,1,7.3,66,79,79,50,69.3,8.62,6,Yes,Yes,5,5.0,6.4,Yes,No
461,Male,24,AIML,4,3.4,85,70,47,83,66.7,8.5,4,Yes,Yes,12,8.3,8.1,Yes,No
462,Male,20,CSE,1,2.9,86,60,84,63,69.0,8.61,4,Yes,Yes,16,5.6,6.2,Yes,No
463,Male,24,IT,4,6.4,61,81,45,40,55.3,7.99,0,Yes,Yes,4,7.7,6.3,No,No
464,Female,23,ME,2,2.4,100,67,73,68,69.3,8.62,3,Yes,Yes,7,7.2,1.3,Yes,No
465,Female,22,CSE,3,3.4,60,85,55,52,64.0,8.38,0,Yes,Yes,13,8.4,9.9,Yes,No
466,Female,24,IT,2,2.9,72,57,90,49,65.3,8.44,5,No,No,17,5.3,7.0,Yes,No
467,Male,23,ECE,3,2.5,76,71,79,91,80.3,9.11,6,No,No,3,5.0,1.5,Yes,No
468,Male,24,CSE,4,4.6,64,65,86,68,73.0,8.79,4,No,No,15,5.4,7.1,No,No
469,Male,24,CSE,3,2.6,75,97,66,95,86.0,9.37,1,No,Yes,9,4.8,6.3,Yes,No
470,Female,19,AIML,4,2.2,83,58,69,86,71.0,8.7,1,No,No,10,5.4,2.1,Yes,No
471,Female,19,CSE,4,4.2,70,98,61,54,71.0,8.7,2,Yes,Yes,7,7.1,6.0,Yes,No
472,Male,21,Civil,4,7.0,73,87,70,93,83.3,9.25,3,No,No,2,7.8,7.6,Yes,No
473,Male,20,ME,2,7.2,97,59,98,76,77.7,9.0,0,No,No,3,4.7,5.2,Yes,No
474,Female,22,ME,4,6.7,66,78,71,55,68.0,8.56,0,Yes,Yes,15,8.8,2.2,No,No
475,Male,23,CSE,1,4.4,79,60,85,69,71.3,8.71,6,Yes,Yes,16,6.6,2.2,No,No
476,Male,24,ECE,4,5.9,60,90,44,64,66.0,8.47,5,No,No,18,4.6,4.8,No,No
477,Male,24,IT,1,5.3,81,97,99,43,79.7,9.09,4,No,No,3,5.0,4.3,Yes,No
478,Female,20,AIML,1,4.9,73,58,61,55,58.0,8.11,4,Yes,Yes,17,7.8,7.8,Yes,No
479,Male,20,ECE,3,4.5,87,67,43,44,51.3,7.81,2,No,No,16,6.7,5.7,Yes,No
480,Female,23,Civil,3,4.2,83,93,100,84,92.3,9.65,6,Yes,Yes,8,8.5,5.1,Yes,Yes
481,Female,19,ECE,1,1.8,77,57,84,49,63.3,8.35,3,Yes,Yes,8,6.8,6.6,No,No
482,Female,23,Civil,2,4.3,86,78,87,81,82.0,9.19,0,No,No,8,4.8,8.8,Yes,No
483,Female,21,Civil,3,5.6,80,81,77,82,80.0,9.1,5,No,No,16,5.9,2.2,No,No
484,Male,24,ECE,2,4.4,78,99,94,43,78.7,9.04,1,No,No,11,6.6,2.5,Yes,No
485,Female,19,AIML,2,2.1,67,52,60,76,62.7,8.32,1,No,No,10,6.2,2.8,Yes,No
486,Female,20,AIML,3,4.1,70,84,59,47,63.3,8.35,0,No,No,17,8.0,9.5,No,No
487,Male,18,IT,3,5.5,78,80,97,58,78.3,9.02,6,Yes,Yes,20,7.8,9.3,No,No
488,Male,23,ME,1,2.0,95,57,59,41,52.3,7.85,3,Yes,Yes,16,6.1,3.9,Yes,No
489,Male,24,ECE,2,1.2,94,78,83,82,81.0,9.14,0,No,No,8,6.7,6.4,Yes,No
490,Female,21,AIML,4,3.6,83,50,58,62,56.7,8.05,2,No,No,16,8.4,1.8,No,No
491,Female,24,ME,3,2.1,87,96,97,66,86.3,9.38,1,Yes,Yes,6,5.4,5.3,No,No
492,Male,22,ME,1,1.0,100,67,66,51,61.3,8.26,4,No,No,20,7.9,2.2,Yes,No
493,Female,20,Civil,4,1.3,79,87,59,71,72.3,8.75,4,No,No,9,4.6,1.0,No,No
494,Female,23,IT,4,1.9,78,76,51,71,66.0,8.47,5,Yes,Yes,2,5.0,3.5,Yes,No
495,Female,22,ME,4,7.1,100,93,70,84,82.3,9.2,6,Yes,Yes,13,6.8,6.2,No,No
496,Male,22,CSE,2,3.2,68,72,50,43,55.0,7.97,2,No,No,15,7.4,9.6,Yes,No
497,Female,20,Civil,1,4.6,100,61,88,46,65.0,8.43,4,Yes,Yes,19,6.0,3.8,No,No
498,Female,23,IT,3,1.7,97,72,92,49,71.0,8.7,0,Yes,Yes,18,5.8,8.0,No,No
499,Female,19,CSE,2,2.1,74,62,90,97,83.0,9.23,4,Yes,Yes,15,6.6,1.7,Yes,No
500,Male,21,ECE,3,5.8,68,78,96,78,84.0,9.28,4,No,No,7,7.7,1.3,Yes,No
